1,ACL,,acl.png
2,ACT,,act.png
3,Apexi,,apexi.png
4,Aragosta,,aragosta.png
5,Arc,,arc.png
6,ARP,,arp.png
7,BBS,,bbs.png
8,BC Racing,,bcracing.png
9,Bilstein,,bilstein.png
10,Blitz,,blitz.png
11,Bride,,bride.png
12,Bridgestone,,bridgestone.png
13,Cometic,,cometic.png
14,Cosmis,,cosmis.png
15,CP Carrillo,,cp_carrillo
16,Cusco,,cusco.png
17,D2 Racing,,d2_racing.png
18,DBA,,dba.png
19,Denso,,denso.png
20,Driftworks,,driftworks.png
21,Dunlop,,dunlop.png
22,Eagle,,eagle.png
23,EBC Brakes,,ebc_brakes.png
24,Eibach,,eibach.png
25,Endless,,endless.png
26,Enkei,,enkei.png
27,Exedy,,exedy.png
28,Federal,,federal.png
29,Ferodo,,ferodo.png
30,Garrett,,garret.png
31,GReddy,,greddy.png
32,Hawk Performance,,hawk_performance.png
33,HEL Performance,,hel_performance.png
34,HKS,,hks.png
35,Honda,,honda.png
36,HSD,,hsd.png
37,Invidia,,invidia.png
38,Japan Racing,,japan_racing.png
39,Japspeed,,japspeed.png
40,K1 Technologies,,k1_technologies.png
41,Kaaz,,kaaz.png
42,Lexus,,lexus.png
43,Mazda,,mazda.png
44,Mishimoto,,mishimoto.png
45,Mitsubishi,,mitsubishi.png
46,Momo,,momo.png
47,Motul,,motul.png
48,Mugen,,mugen.png
49,Nankang,,nankang.png
50,Nardi,,nardi.png
51,Nismo,,nismo.png
52,Nissan,,nissan.png
53,Öhlins,,ohlins.png
54,Origin Labo,,origin_labo.png
55,Pandem,,pandem.png
56,Project Mu,,project_mu.png
57,Rays,,rays.png
58,Recaro,,recaro.png
59,Rota,,rota.png
60,Sabelt,,sabelt.png
61,Sparco,,sparco.png
62,SSR,,ssr.png
63,STRI,,stri.png
64,Subaru,,subaru.png
65,Takata,,takata.png
66,Tein,,tein.png
67,Tomei,,tomei.png
68,Top Secret,,top_secret.png
69,Toyo Tires,,toyo_tires.png
70,Toyota,,toyota.png
71,Voltex,,voltex.png
72,Walbro,,wallbro.png
73,Whiteline,,whiteline.png
74,Willwood,,wilwood.png
75,Work,,work.png
76,Xtreme Clutch,,xtreme_clutch.png
77,Yokohama,,yokohama.png
